loved,movie,terrible,label
0.8148024746671689,0.5797386715376657,0.0,1
0.0,0.5797386715376657,0.8148024746671689,0
